{"train/loss": 0.2562, "train/learning_rate": 1.3333333333333334e-06, "train/epoch": 5.0, "train/global_step": 3750, "_timestamp": 1690023234.187311, "_runtime": 833.229966878891, "_step": 15, "eval/loss": 6.202624797821045, "eval/runtime": 1.9765, "eval/samples_per_second": 1011.89, "eval/steps_per_second": 31.875, "train/train_runtime": 829.5469, "train/train_samples_per_second": 72.329, "train/train_steps_per_second": 4.521, "train/total_flos": 4044126145680000.0, "train/train_loss": 0.35368692220052084, "_wandb": {"runtime": 830}}