{"train/loss": 1.0205, "train/learning_rate": 1.3333333333333334e-06, "train/epoch": 5.0, "train/global_step": 3750, "_timestamp": 1690025232.1190162, "_runtime": 224.3940532207489, "_step": 15, "eval/loss": 8.252519607543945, "eval/runtime": 0.6369, "eval/samples_per_second": 3139.966, "eval/steps_per_second": 98.909, "train/train_runtime": 222.2121, "train/train_samples_per_second": 270.012, "train/train_steps_per_second": 16.876, "train/total_flos": 1071705600000000.0, "train/train_loss": 1.1696992268880209, "_wandb": {"runtime": 223}}