{"train/loss": 1.6355, "train/learning_rate": 1.3333333333333334e-06, "train/epoch": 5.0, "train/global_step": 3750, "_timestamp": 1689976422.6110268, "_runtime": 136.5142867565155, "_step": 14, "eval/loss": 7.2064032554626465, "eval/runtime": 0.3707, "eval/samples_per_second": 5395.714, "eval/steps_per_second": 169.965, "train/train_runtime": 137.9253, "train/train_samples_per_second": 435.018, "train/train_steps_per_second": 27.189, "train/total_flos": 279749123280000.0, "train/train_loss": 1.718719873046875, "_wandb": {"runtime": 135}}