{"train/loss": 1.6355, "train/learning_rate": 1.3333333333333334e-06, "train/epoch": 5.0, "train/global_step": 3750, "_timestamp": 1689976803.9296148, "_runtime": 159.4966917037964, "_step": 15, "eval/loss": 6.644085884094238, "eval/runtime": 0.3734, "eval/samples_per_second": 5355.493, "eval/steps_per_second": 168.698, "train/train_runtime": 160.5508, "train/train_samples_per_second": 373.713, "train/train_steps_per_second": 23.357, "train/total_flos": 279749123280000.0, "train/train_loss": 1.718719873046875, "_wandb": {"runtime": 158}}